Subject	Age	Sex	Handedness	QPT score	%	Ravens Matrices Score	%	Occupation	Do you play first person shooting (FPS) video games?	"If yes, how many hours do you play per week?"	Do you have hearing problems?	"If so, do you wear a hearing aid?"	Do you have vision problems?	"If yes, do you wear glasses or contacts?"	Is your vision corrected to normal with these?	Are you colour blind?	"If yes, what type?"	Have you ever had a head injury?	"If yes, please explain"	Any known neurological impairments? (e.g. epilepsy etc.)	"If yes, please indicate:"	Currently taking any psychoactive medications?	"If yes, please indicate:"	Do you play a musical instrument?	"If yes, how many hours per week?"	Your highest education level: 	highest education level-mother:	Mother's occupation:	Languages mother speaks	highest education level-father:	Father's occupation:	Languages father speaks	Were you born in the UK?	Country of birth	Monthis in UK	Have you lived in a predominantly English-speaking country before this?	"If so, please indicate place and date range(s)."	Have you lived in a country where English is not the dominant communicating language?	"If yes, where? (Please list)"	From when to when?	Your most proficient language:	Where did you learn it?	"If other, please state:"	What age did you learn it?	Were there any periods you did not use this language? Please indicate in months/years:	Your second most proficient language:	Where did you learn it?	"If other, please state:"	What age did you learn it?	Were there any periods you did not use this language? Please indicate in months/years:	Your third most proficient language:	Where did you learn it?	"If other, please state:"	What age did you learn it?	Were there any periods you did not use this language? Please indicate in months/years:	Your fourth most proficient language:	Where did you learn it?	"If other, please state:"	What age did you learn it?	Were there any periods you did not use this language? Please indicate in months/years:	Your fifth most proficient language:	Where did you learn it?	"If other, please state:"	What age did you learn it?	Were there any periods you did not use this language? Please indicate in months/years:	English [Speaking ]	English [Understanding]	English [Reading]	English [Writing]	How much time do you engage in this language for the following activities? [Speaking ]	How much time do you engage in this language for the following activities? [Listening]	How much time do you engage in this language for the following activities? [Reading]	How much time do you engage in this language for the following activities? [Writing]	Please indicate language (2):	Language 2 [Speaking ]	Language 2 [Understanding]	Language 2 [Reading]	Language 2 [Writing]	How much time do you engage in this language for the following activities? [Speaking ]	How much time do you engage in this language for the following activities? [Listening]	How much time do you engage in this language for the following activities? [Reading]	How much time do you engage in this language for the following activities? [Writing]	Please indicate language (3):	Language 3 [Speaking ]	Language 3 [Understanding]	Language 3 [Reading]	Language 3 [Writing]	How much time do you engage in this language for the following activities? [Speaking ]	How much time do you engage in this language for the following activities? [Listening]	How much time do you engage in this language for the following activities? [Reading]	How much time do you engage in this language for the following activities? [Writing]	Please indicate language (4):	Language 4 [Speaking ]	Language 4 [Understanding]	Language 4 [Reading]	Language 4 [Writing]	How much time do you engage in this language for the following activities? [Speaking ]	How much time do you engage in this language for the following activities? [Listening]	How much time do you engage in this language for the following activities? [Reading]	How much time do you engage in this language for the following activities? [Writing]	Please indicate language (5):	Language 5 [Speaking ]	Language 5 [Understanding]	Language 5 [Reading]	Language 5 [Writing]	How much time do you engage in this language for the following activities? [Speaking ]	How much time do you engage in this language for the following activities? [Listening]	How much time do you engage in this language for the following activities? [Reading]	How much time do you engage in this language for the following activities? [Writing]	Infancy	Preschool age	Primary School age	High School age	Parents	Siblings	Grandparents	Other relatives	Partner	Roomates	Neighbors	Work colleagues	Home	School	Work	Social activities 	Religious activites	"Extracurricular activities (e.g. hobbies, sports, volunteering, gaming)"	Shopping/restaurants/other commercial services	Health care/government/banking/public offices	Reading	Emailing	Texting	Social Media	"Writing shopping lists, notes, etc."	Watching TV/listening to radio	Watching Movies	Browsing the internet	Praying	language-switching with parents and family	language-switching with friends	language-switching on Social media
201	33	Female	Right	54	90.00%	46	76.67%	PhD Student	No		No		Yes	Yes	Yes	No		No		No		No		No		Graduate or Professional degree	No highschool diploma	Retired	European Portuguese	No highschool diploma	Retired	European Portuguese	No	Portugal	0.263157895	No		Yes	Portugal	1983-2017	European Portuguese	"Home, School"		0		English	School		10	I almost exclusively use it for reading and writing.	French	School		12	I almost never use it. 											6	8	10	7	A little	Some	Some	A little	Portuguese	10	10	10	10	All	All	All	All	French	2	3	6	2	None	None	None	None																			Only the other language(s)	Only the other language(s)	Only the other language(s)	Only the other language(s)	Only the other language(s)		Only the other language(s)	Only the other language(s)	Only the other language(s)	Only the other language(s)	Only the other language(s)	Only the other language(s)	Only the other language(s)	Mostly other language(s)	Mostly other language(s)	Only the other language(s)		Mostly other language(s)	Only the other language(s)	Only the other language(s)	Half English Half other Language	Mostly other language(s)	Only the other language(s)	Mostly other language(s)	Only the other language(s)	Mostly English	Mostly English	Half English Half other Language		Never	Rarely	Rarely
202	33	Female	Right	55	91.67%	40	66.67%	Research Officer	No		No	No	Yes	Yes	Yes	No		No		No		No		No		Graduate or Professional degree	Graduate or Professional degree	Professor	"Italian, English"	Graduate or Professional degree	Professor	"Italian, English"	No	Italy	1.315789474	Yes	"US, 1988"	Yes	"Italy, Austria, Norway, Bolivia, France"	1983-1988; 1989-2008; 2008-2009; 2009-2010; 2010-2013; 2013-2015; 2015-2016	Italian	"Home, Community, School"		0		English	"Community, School, Other"	Summer English immersion camps- 1 month each summer	5	6 to 11- less used	Spanish	"Home, Community, School"		27	no	Norwegian	"Home, Community, School"		28	for 2 years I used it very little	French	"Community, School"		33	now (last 2 months)	9	10	10	9	Most	Most	Most	Most	Italian	10	10	10	10	Most	Some	Some	A little	Spanish	7	9	9	6	Some	Some	A little	A little	Norwegian	6	5	6	5	Some	Some	None	None	French	5	6	7	4	A little	A little	None	None	Only the other language(s)	Only the other language(s)	Half English Half other Language	Mostly other language(s)	Only the other language(s)	Only the other language(s)	Only the other language(s)	Only the other language(s)	Mostly English	Mostly other language(s)	All English	Mostly English	Half English Half other Language	Only the other language(s)	All English	Half English Half other Language		Mostly English	Mostly English	Mostly English	Half English Half other Language	Mostly English	Half English Half other Language	Half English Half other Language	Half English Half other Language	Mostly English	Mostly English	Mostly English		Frequently	Sometimes	Sometimes
203	35	Female	Right	55	91.67%	45	75.00%	Postdoctoral researcher & teaching fellow	No		No		Yes	Yes	Yes	No		No		No		No		No		Graduate or Professional degree	High School diploma	Banker	German	Graduate or Professional degree	Business economist	German	No	Germany	11.38157895	Yes	"UK, 2006-2007"	Yes	"Germany, French-speaking part of Canada"	"Germany: 1982-2006, 2007-2009, Quebec (Canada): 2009-2016"	German	"Home, Community, School"		0		English	"Home, Community, School"		11	"From 24 on, I have been speaking English daily; before only in school."	French	"Community, School"		"13-16 (school), 27-34 (community)"	"1998-2009, and since 2016 "	Spanish	School		15	since 2000						9	10	10	9	Most	Most	Most	Most	German	10	10	10	10	Some	Some	Some	A little	French	3	5	5	2	None	A little	None	None	Spanish	1	2	2	1	None	None	None	None										Only the other language(s)	Only the other language(s)	Only the other language(s)	Mostly other language(s)	Only the other language(s)	Only the other language(s)	Only the other language(s)	Only the other language(s)	Mostly English	Half English Half other Language	Half English Half other Language	Mostly English	Half English Half other Language		All English	Mostly English		Mostly English	All English	All English	Mostly English	Mostly English	Mostly English	Mostly English	Half English Half other Language	Mostly English	Mostly English	Mostly English		Frequently	Sometimes	Never
204	28	Female	Right	50	83.33%	39	65.00%	PhD Student	No		No	No	Yes	Yes	Yes	No		No		No		No		No		Graduate or Professional degree	Graduate or Professional degree	acadamic	Polish	Graduate or Professional degree	academic	polish	No	Poland	105.8552632	No					Polish	"Home, Community, School"		0		English	"Community, School"		5																	7	7	7	7	All	All	All	All	Polish	9	10 (Very high proficiency)	10 (Very high proficiency)	9	A little	Some	Most	A little																												Only the other language(s)	Only the other language(s)	Mostly other language(s)	Half English Half other Language	Only the other language(s)	Only the other language(s)	Only the other language(s)	Only the other language(s)	All English	All English	All English	All English	Mostly English	All English	All English	Mostly English	All English	All English	Mostly English	Mostly English	Half English Half other Language	Mostly English	Mostly English	Mostly English	Mostly English	Mostly English	Mostly English	Mostly English	Only the other language(s)	Frequently	Frequently	Rarely
205	29	Male	Right	58	96.67%	47	78.33%	Teaching fellow	No		No	No	Yes	Yes	Yes	No		No		No		No		No		Graduate or Professional degree	Graduate or Professional degree	teacher	"English, Greek, French, Spanish, Italian"	Graduate or Professional degree	insurance broker	"Greek, English"	No	Greek	44.01315789	No					English	Home		0		Greek	"Home, Community, School"		0		German	School		7	Since 02/2007	Russian	Other	type of school	21	never really used systematically						8	8	8	8	Most	Most	Most	Most	Greek	8	8	8	8	Some	Some	Some	A little	German	6	7	6	5	None	A little	A little	None	Russian	2	2	2	1 (Very low proficiency)	None	A little	None	None										Half English Half other Language	Half English Half other Language	Mostly other language(s)	Half English Half other Language	Half English Half other Language	Half English Half other Language	Mostly English	Half English Half other Language		All English	All English	Mostly English	Half English Half other Language	Mostly other language(s)	Mostly English	Mostly English		Mostly English	All English	All English	Mostly English	Mostly English	Mostly English	Mostly English	All English	All English	All English	Mostly English		Sometimes	Rarely	Never
207	34	Male	Right	56	93.33%	41	68.33%	Postdoctoral researcher	No		No	No	No	No		No		No		No		No		No		Graduate or Professional degree	High School diploma	Housewife	Turkish	High School diploma	Retired	Turkish	No	Turkey	18.48684211	Yes	UK- 09/2008 - 05/2013				Turkish	"Home, Community, School"		0		English	"Community, School"		12																	8	8	8	8	Most	Most	Most	Most	Turkish	8	8	8	8	A little	A little	A little	A little																												Only the other language(s)	Only the other language(s)	Only the other language(s)	Mostly other language(s)	Only the other language(s)	Only the other language(s)	Only the other language(s)	Only the other language(s)	All English	All English	All English	All English	All English	All English	All English	Mostly English	Mostly English	All English	All English	All English	Mostly English	Mostly English	Mostly English	Mostly English	Mostly English	All English	All English	Mostly English	Only the other language(s)	Never	Rarely	Never
209	29	Female	Right	55	91.67%	42	70.00%	PhD Student	No		No	No	Yes	No	No	No		No		No		Yes	Sertraline (50mg)	No		Graduate or Professional degree	No highschool diploma	Housewife	Turkish	Some post-secondary education	Retired	Turkish	No	Turkey	38.71710526	No					Turkish	Home		0		English	Home		17																	6	7	7	7	Some	Most	All	All	Turkish(mother tongue)	8	8	8	7	Most	Most	A little	A little																												Only the other language(s)	Only the other language(s)	Only the other language(s)	Mostly other language(s)	Only the other language(s)	Only the other language(s)	Only the other language(s)	Only the other language(s)	Mostly other language(s)	Mostly other language(s)	Mostly English	All English	Mostly other language(s)	Mostly English	All English	Mostly other language(s)	Only the other language(s)	Mostly other language(s)	Mostly English	All English	Mostly English	Mostly English	Half English Half other Language	Mostly other language(s)	Half English Half other Language	Mostly English	Mostly English	Mostly English	Only the other language(s)	Sometimes	Always	Sometimes
210	22	Female	Right	41	68.33%	43	71.67%	Student	No		No		Yes	Yes	Yes	No		No		No		No		Yes	2	High School diploma	Graduate or Professional degree	Economist	"Romanian, French, English"	Graduate or Professional degree	Engineer	"Romanian, English"	No	Romania	28.65131579	No					Romanian	"Home, Community, School"		0	"06/2015-07/2015, 09/2015"	English	School	 	7	only started using it regularly when I moved to the UK	French	School		12												8	9	9	8	All	All	All	All	Romanian	10 (Very high proficiency)	10 (Very high proficiency)	10 (Very high proficiency)	10 (Very high proficiency)	Most	Most	Most	Most	French	5	5	5	5	None	None	None	None																			Mostly other language(s)	Mostly other language(s)	Mostly other language(s)	Mostly other language(s)	Only the other language(s)	Only the other language(s)	Only the other language(s)	Only the other language(s)	Only the other language(s)	Only the other language(s)	All English	All English	Only the other language(s)	All English	All English	All English	Only the other language(s)	Half English Half other Language	Half English Half other Language	Half English Half other Language	Half English Half other Language	Half English Half other Language	Half English Half other Language	Half English Half other Language	Half English Half other Language	Half English Half other Language	Half English Half other Language	Half English Half other Language	Only the other language(s)	Always	Frequently	Always
211	18	Female	Right	57	95.00%	32	53.33%	Student	No		No	No	No	No	No	No		No		No		Yes	fluoxetine	No		High School diploma	High School diploma	house wife	"italian, english"	Graduate or Professional degree	engineer	"italian, english, french"	No	Italy	36.15131579	Yes	US: 10/2000- 06/2006	Yes	"libya, indonesia"	Libya 09/2006- 09/2010; indonesia 09/2010- 07/2014	English	School		0		Italian	Home		0																	10 (Very high proficiency)	10 (Very high proficiency)	10 (Very high proficiency)	10 (Very high proficiency)	Most	All	All	All	Italian	7	8	6	6	Some	Some	A little	A little																												Half English Half other Language	Mostly English	All English	All English	Half English Half other Language	All English	Only the other language(s)	Only the other language(s)			All English		Half English Half other Language	All English		Mostly English			All English	All English	All English	All English	Mostly English	All English	All English	Mostly English	Mostly English	All English	All English	Always	Never	Rarely
212	30	Female	Right	43	71.67%	40	66.67%	Marketing Coordinator	No		No		No	No		No		No		No		No		No		Graduate or Professional degree	Some post-secondary education	Buyer	Italian	High School diploma	Interior designer	Italian	No	Italy	47.17105263	No					Italian	Home		0		English	School		14	Until I was 26 years old																8	8	8	8	Most	Most	Most	Most	Italian	10 (Very high proficiency)	10 (Very high proficiency)	10 (Very high proficiency)	10 (Very high proficiency)	Most	Most	Most	Some																												Only the other language(s)	Only the other language(s)	Only the other language(s)	Mostly other language(s)	Only the other language(s)	Only the other language(s)	Only the other language(s)	Only the other language(s)	Only the other language(s)	All English	All English	All English	Only the other language(s)	All English	All English	Mostly English	Mostly English	Mostly English	All English	All English	Mostly English	All English	Half English Half other Language	Half English Half other Language	Half English Half other Language	Half English Half other Language	Half English Half other Language	Mostly English	Only the other language(s)	Sometimes	Always	Frequently
213	23	Male	Right	58	96.67%	41	68.33%	Student	Yes	1	No	No	No	No	No	Yes	Partial Red-Green Colourblindness	No		No		No		Yes	4	Graduate or Professional degree	Graduate or Professional degree	Interior Designer	English Swiss-German German French Some Italian and Spanish	Graduate or Professional degree	Primary School Teacher	"English, German"	No	Switzerland	43.88157895	Yes	Australia for 1 year				English	"Home, School"		0		Swiss-German	"Home, Community, School"		0		German	"Home, Community, School"		5-6												10 (Very high proficiency)	10 (Very high proficiency)	10 (Very high proficiency)	10 (Very high proficiency)	Most	Most	Most	Most	Swiss-German	10 (very high proficiency)	10 (very high proficiency)	10 (very high proficiency)	10 (very high proficiency)	Some	Some	Some	A little	German 	10 (Very high proficiency)	10 (Very high proficiency)	10 (Very high proficiency)	9	A little	A little	A little	A little																			Half English Half other Language	Half English Half other Language	Half English Half other Language	Mostly English	Half English Half other Language	Half English Half other Language	Half English Half other Language	Half English Half other Language	All English	All English	Half English Half other Language	All English	Half English Half other Language	All English	All English	All English	Only the other language(s)	All English	Mostly English	Half English Half other Language	Mostly English	Mostly English	Mostly English	Mostly English	Half English Half other Language	Mostly English	Mostly English	All English	Half English Half other Language	Always	Sometimes	Never
214	38	Female	Right	58	96.67%	38	63.33%	Service Delivery Manager 	No		No	No	Yes	Yes	Yes	No		No		No		No		Yes	1	Graduate or Professional degree	Graduate or Professional degree	Maths & Physics Teacher 	German; Basic English; Basic Russian 	Graduate or Professional degree	"Maths, Physics & PE Teacher "	German; Basic English 	No	Germany 	165.1315789	No					English 	"Community, School"		10		German 	"Home, Community, School"		0		Spanish 	Other	University 	23	5 years - infrequent use 											10 (Very high proficiency)	10 (Very high proficiency)	10 (Very high proficiency)	10 (Very high proficiency)	All	All	All	All	German 	10 (Very high proficiency)	10 (Very high proficiency)	10 (Very high proficiency)	10 (Very high proficiency)	Some	Some	A little	A little	Spanish 	3	2	3	2	A little	A little	None	None																			Only the other language(s)	Only the other language(s)	Only the other language(s)	Mostly other language(s)	Only the other language(s)	Only the other language(s)	Only the other language(s)	Only the other language(s)	All English	All English	All English	All English	Only the other language(s)	Mostly other language(s)	All English	All English	All English	All English	All English	All English	Mostly English	Mostly English	Mostly English	Mostly English	All English	Mostly English	Mostly English	Mostly English		Sometimes	Sometimes	Sometimes
215	39	Female	Right	57	95.00%	40	66.67%	Residential Support worker/ Student	No		No	No	Yes	Yes	Yes	No		No		No		Yes	Citalopram 20mg	Yes	2	Post-secondary degree or diploma	High School diploma	Tourism adviser	"Dutch, French, English"	Some post-secondary education	Retired	"Dutch, English, French, Spanish, German"	No	The Netherlands	85.16447368	No					Dutch	"Home, Community, School"		0		English	"Home, School, Other"	"From television, through music, writing lyrics "	6																	10 (Very high proficiency)	10 (Very high proficiency)	10 (Very high proficiency)	10 (Very high proficiency)	Most	All	Most	All	Dutch	10 (Very high proficiency)	10 (Very high proficiency)	10 (Very high proficiency)	10 (Very high proficiency)	Some	Some	Some	Some																												Only the other language(s)	Only the other language(s)	Mostly other language(s)	Mostly other language(s)	Only the other language(s)	Only the other language(s)	Only the other language(s)	Half English Half other Language	All English	Half English Half other Language	All English	All English	Half English Half other Language	All English	All English	Mostly English		All English	All English	All English	Mostly other language(s)	Mostly English	Mostly English	Half English Half other Language	Half English Half other Language	Mostly English	All English	Mostly other language(s)		Never	Sometimes	Frequently
216	39	Female	Right	58	96.67%	33	55.00%	Marketing Manager	No		No	No	No	No	Yes	No		No		No		No		No		Graduate or Professional degree	Graduate or Professional degree	Lawyer	German	Graduate or Professional degree	Lawyer	German	No	Germany	240.3289474	No					German	Home		0		English	School		11	little use in school	Russian	School		10	only spoke at school and some at home											8	8	8	8	Most	All	All	Most	German	8	8	8	7	Some	A little	A little	Some	Russian	3	3	3	3	None	None	None	None																			Only the other language(s)	Only the other language(s)	Only the other language(s)	Mostly other language(s)	Only the other language(s)	Only the other language(s)	Only the other language(s)	Only the other language(s)	All English	All English	All English	Half English Half other Language	Mostly English		Mostly English	Mostly English	All English	Mostly English	All English	All English	Mostly English	Half English Half other Language	Half English Half other Language	Half English Half other Language	All English	Mostly English	All English	All English	Mostly other language(s)	Always	Frequently	Frequently
217	32	Female	Right	57	95.00%	35	58.33%	Stay at home mum	No		No	No	Yes	Yes	Yes	No		No		No		No		Yes	2	Graduate or Professional degree	High School diploma	Retired stay at home mum	Italian	High School diploma	Retired chef	Italian	Yes	*	165.3618421	No		Yes	Italy	07/1995 to 08/2003	English	"School, Community"		0		Italian	Home		0		French	School		11	14 years											10 (Very high proficiency)	10 (Very high proficiency)	10 (Very high proficiency)	10 (Very high proficiency)	All	All	All	All	Italian	10 (Very high proficiency)	10 (Very high proficiency)	10 (Very high proficiency)	10 (Very high proficiency)	Most	Most	Most	Most	French	5	5	5	5	A little	A little	A little	None																			Mostly other language(s)	Half English Half other Language	Half English Half other Language	Only the other language(s)	Only the other language(s)	Only the other language(s)	Only the other language(s)	Only the other language(s)	Mostly English	Half English Half other Language	All English	All English	Half English Half other Language	Half English Half other Language	All English	Half English Half other Language	Half English Half other Language	Half English Half other Language	Half English Half other Language	All English	Half English Half other Language	Half English Half other Language	Half English Half other Language	Mostly other language(s)	Half English Half other Language	Half English Half other Language	Half English Half other Language	Half English Half other Language	Only the other language(s)	Never	Sometimes	Sometimes
218	26	Female	Right	47	78.33%	45	75.00%	Doctor	No		No	No	No	No	No	No		No		No		No		Yes	1	Graduate or Professional degree	Graduate or Professional degree	lawyer	"Latvian, Russian, English"	Graduate or Professional degree	an engineer	"Latvian, Russian"	No	Latvia	2.927631579	No					Latvian	Home		0		English	School		6		Russian	School		11	3 months											8	8	8	7	Most	Most	Most	Most	Latvian	10 (Very high proficiency)	10 (Very high proficiency)	10 (Very high proficiency)	10 (Very high proficiency)	All	All	All	All	Russian	4	5	3	2	A little	A little	None	None																			Only the other language(s)	Mostly other language(s)	Mostly other language(s)	Mostly other language(s)	Only the other language(s)	Only the other language(s)	Only the other language(s)	Only the other language(s)	Only the other language(s)	Mostly English	Only the other language(s)	Half English Half other Language	Only the other language(s)	Only the other language(s)	Half English Half other Language	Half English Half other Language	Only the other language(s)	Half English Half other Language	Half English Half other Language	Half English Half other Language	Mostly English	Half English Half other Language	Half English Half other Language	Half English Half other Language	Half English Half other Language	Mostly English	Mostly English	Mostly English	Only the other language(s)	Rarely	Frequently	Sometimes
219	38	Female	Right	60	100.00%	46	76.67%	Teacher	No		No	No	Yes	Yes	Yes	No		No		No		No		Yes	2	Graduate or Professional degree	High School diploma	works for the church	French and German	High School diploma	French Army - chief warrant officer	French	No	France	172.1052632	Yes	"Ireland, 09/1999 - 06/2000"				French	Home		0		English	"School, Other"	University - Masters degree	12		German	School		12	5 years	Spanish	"School, Other"	University	15	5 years						9	9	10 (Very high proficiency)	9	Most	Most	Most	Most	French	10 (Very high proficiency)	10 (Very high proficiency)	10 (Very high proficiency)	10 (Very high proficiency)	Most	Some	Most	Some	German	6	7	7	6	Some	Some	Some	Some	Spanish	6	7	7	6	Some	Some	Some	Some										Only the other language(s)	Only the other language(s)	Only the other language(s)	Mostly other language(s)	Only the other language(s)	Only the other language(s)	Only the other language(s)	Only the other language(s)	All English		All English	Half English Half other Language	Mostly English	Mostly English	Mostly English	Mostly English		Mostly English	All English	All English	Mostly English	Mostly English	Mostly English	All English	Half English Half other Language	Mostly English	Mostly English	Mostly English		Rarely	Frequently	Sometimes
220	35	Female	Right	60	100.00%	46	76.67%	Education researcher 	No		No		Yes	Yes	Yes	No		No		No		No		Yes	8	Graduate or Professional degree	Graduate or Professional degree	Immunologist	"Spanish, English, French"	Graduate or Professional degree	Architect's Assistant	"English, Spanish, French"	Yes	*	383.8486842	No		Yes	Argentina	"03/1985-06/1985, plus one month every year from 1983 to 1993"	English	"Home, Community, School"		0		Spanish	"Home, Other"	Saturday classes	0		French	"Home, School"		1	09/1987 - 09/1992 (primary school)	Italian	Other	"Night classes, immersion course"	16	"9/2000 - 7/2003, and 9/2003 - present (apart from 2 short holidays in Italy)"						10 (Very high proficiency)	10 (Very high proficiency)	10 (Very high proficiency)	10 (Very high proficiency)	Most	Most	Most	Most	Spanish (Argentinian)	8	9	7	6	Some	Some	Some	Some	French	4	5	4	3	None	None	A little	A little	Italian	2	3	3	1 (Very low proficiency)	None	None	None	None										Half English Half other Language	Half English Half other Language	Mostly English	Mostly English	Half English Half other Language			Only the other language(s)	All English		All English	Mostly English	Half English Half other Language			Mostly English		All English	All English	All English	Mostly English	Mostly English	Mostly English	Mostly English	All English	Mostly English	Mostly English	Mostly English		Frequently	Rarely	Never
221	26	Male	Right	58	96.67%	47	78.33%	PhD Student	Yes	1	No	No	No	No	Yes	No		No		No		No		Yes	1	Graduate or Professional degree	Graduate or Professional degree	Office administrator	Spanish	Graduate or Professional degree	Office administrator	Spanish	No	Spain	68.28947368	Yes	"Intermittently in UK, approx 4 years total."	Yes	Sweden	01/09/2014 -- 01/07/2015	Spanish	Home		0		English	School		6		French	School		12	I used it weekly when I was 12-16 years old. Then used sporadically.	Italian	Other	Duolingo app	25	Used it very sporadically						8	9	9	8	All	All	All	All	Spanish	10 (Very high proficiency)	10 (Very high proficiency)	10 (Very high proficiency)	10 (Very high proficiency)	All	All	All	All	French	3	5	6	3	A little	A little	A little	A little	Italian	3	5	5	3	A little	A little	A little	A little										Only the other language(s)	Only the other language(s)	Mostly other language(s)	Mostly other language(s)	Only the other language(s)	Only the other language(s)	Only the other language(s)	Only the other language(s)	Mostly other language(s)	All English	All English	All English	Only the other language(s)	Mostly other language(s)	All English	Half English Half other Language		Half English Half other Language	Mostly English	All English	Mostly English	Mostly English	Half English Half other Language	Mostly English	Mostly English	Mostly English	Mostly English	Mostly English		Never	Sometimes	Never
222	26	Female	Right	55	91.67%	51	85.00%	Field ecologist	No		No	No	No	No	No	No		No		No		No		No		Graduate or Professional degree	Some post-secondary education	House wife	Spanish	Post-secondary degree or diploma	Driving teacher	Spanish	No	Spain	11.21710526	Yes	Ireland: 02/2014-08/2014	Yes	"Denmark, The Netherlands"	Denmark: 02/2013-08/2013; The Netherlands: 08/2014-05/2016	Spanish	"Home, Community, School"		0		English 	"School, Other"	"Living abroad my home country, and as preferred language for reading, watching movies, etc."	4	not regularly used before 02/2013; not used 08/2013-03/2014																8	9	9	7	Most	Most	Some	Some	Spanish	10 (Very high proficiency)	10 (Very high proficiency)	10 (Very high proficiency)	10 (Very high proficiency)	Most	Most	Some	Some																												Only the other language(s)	Only the other language(s)	Mostly other language(s)	Mostly other language(s)	Only the other language(s)	Only the other language(s)	Only the other language(s)	Only the other language(s)	Mostly other language(s)	Mostly English	All English	All English	Only the other language(s)	Mostly other language(s)	All English	Mostly English	Only the other language(s)	All English	All English	All English	Mostly English	All English	Half English Half other Language	Mostly English	Mostly English	All English	All English	All English		Never	Rarely	Never
223	34	Female	Right	55	91.67%	38	63.33%	Data analyst	No		No	No	Yes	Yes	Yes	No		No		No		No		No		Post-secondary degree or diploma	Some post-secondary education	University Professor	"Polish, Russian, German, English"	Post-secondary degree or diploma	Bank manager	"Polish, English"	No	Poland	118.6842105	No		Yes	Brazil	08/01/2005 - 09/01/2006	Polish	Home		0		English	"School, Other"	Extracurricular lessons	6		Portuguese	School		18	No	Spanish	School		15	I hardly use it	Italian	School		24	I hardly ever use it	7	8	8	7	Most	Most	Most	Most	Polish	7	8	8	7	A little	A little	A little	A little	Portuguese	7	8	8	7	Some	Some	Some	Some	Spanish	3	6	6	3	None	None	None	None	Italian	3	6	7	1	None	None	None	None	Only the other language(s)	Only the other language(s)	Only the other language(s)	Mostly other language(s)	Only the other language(s)	Only the other language(s)	Only the other language(s)	Only the other language(s)	All English	All English	All English	Mostly English	All English	Mostly English	Mostly English	Mostly English	Mostly English	All English	All English	All English	Mostly English	Mostly English	Mostly English	Mostly English	Mostly English	All English	Mostly English	All English	Half English Half other Language	Frequently	Frequently	Sometimes
224	22	Female	Right	57	95.00%	43	71.67%	Student	No		No		No	No	No	No		No		No		No		Yes	2-3	High School diploma	Graduate or Professional degree	Engineer	"Bulgarian, Macedonian and Russian"	Graduate or Professional degree	Engineer	"Bulgarian, Russian, Serbian, Macedonian"	No	Bulgaria	36.90789474	No					Bulgarian	Home		0		English	School		7		Macedonian	Home		0	14-18 years old											9	10 (Very high proficiency)	10 (Very high proficiency)	9	All	All	All	All	Bulgarian	10 (Very high proficiency)	10 (Very high proficiency)	10 (Very high proficiency)	10 (Very high proficiency)	Most	Some	Some	Some	Macedonian	8	9	7	6	A little	A little	None	None																			Only the other language(s)	Only the other language(s)	Half English Half other Language	Half English Half other Language	Only the other language(s)	Mostly other language(s)	Only the other language(s)	Only the other language(s)	Mostly English	All English	All English	All English	Mostly other language(s)	All English	All English	Mostly English	Mostly other language(s)	Mostly English	Mostly English	Mostly English	Mostly English	Mostly English	Half English Half other Language	Half English Half other Language	Mostly English	Mostly English	Mostly English	Mostly English	Mostly other language(s)	Never	Sometimes	Frequently
225	44	Female	Right	54	90.00%	42	70.00%	Teacher	No		No		No	No		No		No		No		No		No		Graduate or Professional degree	High School diploma	accountant	Mandarin	Graduate or Professional degree	Doctor	Mandarin	No	China	91.25	No					Mandarin	"Home, Community, School"		0		English	"School, Other"	work place	13																	9	9	9	8	Most	Most	Most	Most	Mandarin	10 (Very high proficiency)	10 (Very high proficiency)	10 (Very high proficiency)	10 (Very high proficiency)	Most	Most	Most	Most																												Only the other language(s)	Only the other language(s)	Only the other language(s)	Mostly other language(s)	Only the other language(s)	Only the other language(s)	Only the other language(s)	Only the other language(s)	Only the other language(s)	Mostly other language(s)	Mostly other language(s)	Mostly English	Only the other language(s)	Half English Half other Language	Mostly English	Mostly English		Mostly other language(s)	Mostly English	All English	Half English Half other Language	Mostly English	Half English Half other Language	Mostly other language(s)	Half English Half other Language	Half English Half other Language	Half English Half other Language	Half English Half other Language		Rarely	Sometimes	Sometimes
226	28	Female	Right	55	91.67%	45	75.00%	French teacher	No		No	No	Yes	Yes	Yes	No		No		No		No		No		Graduate or Professional degree	Graduate or Professional degree	"French, Latin and Ancient Greek teacher in France"	English (conversational) and Spanish (not fluent but can have quite cmplex conversations)	Graduate or Professional degree	Architect	"The tiniest bits of English and a little bit of Spanish - although he likes giving it a go, he is fairly useless at languages. "	No	France	85.75657895	Yes	Uk- 6 months				French	Home		0		English	School		7		Spanish	School		13	"Not used regularly since 17, bar a 3 month course at 20"											10 (Very high proficiency)	9	10 (Very high proficiency)	9	Most	Most	Most	Most	French	10 (Very high proficiency)	10 (Very high proficiency)	10 (Very high proficiency)	10 (Very high proficiency)	Most	Most	Most	Most	Spanish	5	4	6	4	A little	A little	A little	A little																			Only the other language(s)	Only the other language(s)	Mostly other language(s)	Mostly other language(s)	Only the other language(s)	Only the other language(s)	Only the other language(s)	Only the other language(s)	All English	All English	All English	Mostly English	Mostly English	Mostly English	Mostly English	Half English Half other Language		All English	All English	All English	Half English Half other Language	Mostly English	Half English Half other Language	Half English Half other Language	Half English Half other Language	Half English Half other Language	Half English Half other Language	Half English Half other Language		Rarely	Frequently	Rarely
227	34	Female	Right	57	95.00%	49	81.67%	Scientific researcher	No		No		No	Yes	Yes	No		No		No		No		No		Graduate or Professional degree	Graduate or Professional degree	entrepreneur (plant nursery)	Polish	Graduate or Professional degree	entrepreneur (plant nursery)	"Polish, German"	No	Poland	127.3684211	No					Polish	"Home, Community, School"		0		English	"Community, School"		10		German	School		10	Not used regulary since age 18											7	8	8	7	Most	Most	Most	All	Polish	8	8	8	8	Some	Some	Some	Some	German	2	2	2	2	None	None	A little	None																			Only the other language(s)	Only the other language(s)	Mostly other language(s)	Mostly other language(s)	Only the other language(s)	Mostly other language(s)	Only the other language(s)	Only the other language(s)	All English	All English	All English	All English	Mostly English	Mostly English	All English	All English	All English	All English	All English	All English	Mostly English	Mostly English	Half English Half other Language	All English	All English	All English	All English	All English	Half English Half other Language	Sometimes	Always	Sometimes
228	23	Male	Right	56	93.33%	49	81.67%	Student	No		No	No	Yes	Yes	Yes	No		No		No		No		No		Graduate or Professional degree	Graduate or Professional degree	Financial advisor	Czech	Graduate or Professional degree	Artist	English	No	Prague	34.83552632	No		Yes	Luxemburg	5 months during 2013	English	"Home, School"		0		Czech	"Home, School"		0																	10 (Very high proficiency)	10 (Very high proficiency)	10 (Very high proficiency)	10 (Very high proficiency)	All	All	All	All	Czech	10 (Very high proficiency)	10 (Very high proficiency)	10 (Very high proficiency)	9	Some	Some	Some	A little																												Mostly other language(s)	Mostly other language(s)	Mostly other language(s)	Half English Half other Language	Half English Half other Language	All English	Half English Half other Language	Half English Half other Language	All English	All English	All English	All English	Half English Half other Language	Half English Half other Language	All English	Half English Half other Language	Half English Half other Language	Half English Half other Language	All English	Half English Half other Language	Mostly English	Mostly English	Half English Half other Language	Half English Half other Language	Mostly English	Mostly English	Mostly English	Mostly English	Half English Half other Language	Sometimes	Sometimes	Rarely
229	47	Female	Right	55	91.67%	48	80.00%	Executive Support Administrator	No		No	No	No	Yes	Yes	No		No		No		No		Yes	"currently <1; previously, up to 4 hours per day"	Graduate or Professional degree	Some post-secondary education	"artist, used to own a shop (she's too old now)"	"Dutch, English, a little French"	Graduate or Professional degree	GP	"Dutch, English, some French"	No	Netherlands	8.980263158	Yes	New Zealand- 07/1977-06/1985				Dutch	"Home, Community, School"		0	16-Aug	English	School		8																	9	9	9	9	Most	Most	Most	Most	Dutch	10 (Very high proficiency)	10 (Very high proficiency)	10 (Very high proficiency)	10 (Very high proficiency)	A little	A little	A little	A little																												Only the other language(s)	Only the other language(s)	Half English Half other Language	Mostly English	Only the other language(s)	Mostly other language(s)	Only the other language(s)	Only the other language(s)	All English		All English	All English	Half English Half other Language		All English	Mostly English		Mostly English	All English	All English	Mostly English	Mostly English	Half English Half other Language	Half English Half other Language	Half English Half other Language	Mostly English	Mostly English	Mostly English		Frequently	Sometimes	Rarely
230	27	Female	Right	59	98.33%	37	61.67%	Pharmacist/PhD Researcher	No		No		Yes	Yes	Yes	No		No		No		No		No		Graduate or Professional degree	Post-secondary degree or diploma	Retired nurse	"Urdu, Punjabi and English"	High School diploma	Retired insurance officer	Urdu and Punjabi	No	Pakistan	134.6710526	No					English	"Home, School"		5		Urdu	Home		0																	8	8	8	8	All	All	All	All	Urdu	7	8	6	5	Some	A little	None	None																												Mostly other language(s)	Mostly other language(s)	Half English Half other Language	Mostly English	Mostly other language(s)	Half English Half other Language	Only the other language(s)	Only the other language(s)	Mostly English	All English	All English	All English	Half English Half other Language	All English	All English	All English	Mostly English	All English	All English	All English	All English	All English	All English	Mostly English	All English	All English	All English	All English	Mostly English	Frequently	Frequently	Frequently
231	23	Female	Right	57	95.00%	42	70.00%	Graduate	No		No	No	Yes	Yes	Yes	No		No		No		No		No		Graduate or Professional degree	Graduate or Professional degree	Nurse	Swedish and English	Post-secondary degree or diploma	Self employed	English and Swedish	No	Ireland	46.21710526	No		Yes	Sweden	07/2009 - 09/2013	English	"Home, Community, School"		0		Swedish	"Home, Community, School"		0	There were months where I did not speak it but understood fully																10 (Very high proficiency)	10 (Very high proficiency)	10 (Very high proficiency)	10 (Very high proficiency)	Most	Most	Most	Most	Swedish	9	9	8	7	A little	Some	A little	A little	 																											Half English Half other Language	Mostly English	Mostly English	Mostly other language(s)	Mostly English	Mostly English	Only the other language(s)	Mostly other language(s)	All English	All English	All English	All English	Mostly English	All English	All English	Mostly English		All English	All English	All English	Mostly English	Mostly English	Mostly English	Mostly English	All English	Mostly English	Mostly English	Mostly English		Sometimes	Frequently	Rarely
232	26	Male	Right	57	95.00%	42	70.00%	Support Escalation Engineer	Yes	4	No	No	No	No		No		No		No		No		No		Some post-secondary education	Some post-secondary education	Stay-at-home mom	"Dutch, French"	Some post-secondary education	Network administrator	"Dutch, English"	No	The Netherlands	5.526315789	No					Dutch	"Home, School"		0		English	"Home, School, Other"	TV	4	"Between school, and job in the UK, I spent 2 years almost not speaking English"																8	9	9	8	Most	Most	Most	Most	Dutch	10 (Very high proficiency)	10 (Very high proficiency)	10 (Very high proficiency)	9	Some	A little	A little	Some																												Only the other language(s)	Mostly other language(s)	Mostly other language(s)	Half English Half other Language	Mostly other language(s)	Mostly other language(s)	Only the other language(s)	Mostly other language(s)	Half English Half other Language	All English	All English	All English	All English	Mostly other language(s)	All English	All English		All English	All English	All English	All English	All English	All English	All English	All English	All English	All English	All English	All English	Rarely	Sometimes	Sometimes
233	37	Female	Right	59	98.33%	44	73.33%	Researcher	No				No	No		No		No		No		No		Yes	0.5	Graduate or Professional degree	Graduate or Professional degree	Secondary school teacher (retired)	Greek	Graduate or Professional degree	Secondary school teacher (retired)	Greek	No	Cyprus	36.28289474	Yes	UK (1998-2006)				Greek	"Home, School"		0		English	"Home, School"		6																	10 (Very high proficiency)	10 (Very high proficiency)	10 (Very high proficiency)	10 (Very high proficiency)	Most	Most	Most	Most	Greek	10 (Very high proficiency)	10 (Very high proficiency)	10 (Very high proficiency)	10 (Very high proficiency)	Some	Some	Some	A little																												Mostly other language(s)	Mostly other language(s)	Half English Half other Language	Half English Half other Language	Mostly other language(s)	Mostly other language(s)	Only the other language(s)	Only the other language(s)		All English	All English	All English	Mostly other language(s)		All English	Half English Half other Language		All English	Half English Half other Language	Mostly English	Half English Half other Language	Mostly English	Half English Half other Language	Half English Half other Language	Half English Half other Language	Half English Half other Language	Mostly English	Mostly English		Sometimes	Sometimes	Frequently
234	52	Female	Right	59	98.33%	40	66.67%	Executive Manager	No		No	No	Yes	Yes	Yes	No		No		No	"migraines, pain in trigeminus nerve, but is this neurological?"	No		No		Graduate or Professional degree	Some post-secondary education	laboratory assistant	"German (native), some French"	Post-secondary degree or diploma	construction manager	"German (native), some English"	No	Germany	21.11842105	Yes	"USA, 1989-1992, and after that 5 years in two countries USA and Netherlands. I spoke English in the Netherlands"	Yes	"Netherlands, but  I spoke English there"	1992- 1997	Germany	"Home, Community, School"		0	"2 years, 3 months,"	English	"School, Other"	"summer vacation in UK as 12 adn 13 year-old, summer vacation in USA, Canada as 16 and 18 year old, living in USA  and Netherlands 1989 to 1997, living in UK 2016 and 2017"	10																	8	7	7	7	Some	Some	Some	Some	German	10 (Very high proficiency)	10 (Very high proficiency)	10 (Very high proficiency)	10 (Very high proficiency)	Some	Some	Some	Some																												Only the other language(s)	Only the other language(s)	Only the other language(s)	Mostly other language(s)	Only the other language(s)	Only the other language(s)	Only the other language(s)	Only the other language(s)	Only the other language(s)	Half English Half other Language	Only the other language(s)	All English	Only the other language(s)		All English	Half English Half other Language		Half English Half other Language	Half English Half other Language	Half English Half other Language	Half English Half other Language	Mostly English	Half English Half other Language		Half English Half other Language	Half English Half other Language	Half English Half other Language	Half English Half other Language		Never	Frequently	
235	26	Female	Right	56	93.33%	38	63.33%	Incentive Compensation Analyst	No		No	No	No	No	No	No		Yes	Concussion at the age of 6.	No		No		No		Graduate or Professional degree	High School diploma	Stay at home mum	"Polish - mother tongue, English - intermediate, German - basic"	High School diploma	Sales Representative	"Polish - mother tongue, English - intermediate"	No	Poland	59.63815789	No					Polish	Home		0		English	School		11		French	School		17	Since 2010.	German	School		11	Since 2007.						9	10 (Very high proficiency)	9	9	Most	Most	Most	Most	Polish	10 (Very high proficiency)	10 (Very high proficiency)	10 (Very high proficiency)	10 (Very high proficiency)	Some	Some	Some	Some	French	1 (Very low proficiency)	2	2	1 (Very low proficiency)	None	None	None	None	German	1 (Very low proficiency)	1 (Very low proficiency)	1 (Very low proficiency)	1 (Very low proficiency)	None	None	None	None										Only the other language(s)	Mostly other language(s)	Mostly other language(s)	Mostly other language(s)	Only the other language(s)	Only the other language(s)	Only the other language(s)	Only the other language(s)	All English	Half English Half other Language	All English	All English	All English	Half English Half other Language	All English	Mostly English	Half English Half other Language	All English	Mostly English	All English	Mostly English	Half English Half other Language	Mostly English	Half English Half other Language	Half English Half other Language	Mostly English	Mostly English	Mostly English	Half English Half other Language	Sometimes	Frequently	Never
236	30	Female	Right	40	66.67%	40	66.67%	HR Assistant	No		No		No	No		No		No		No		No		No		Graduate or Professional degree	Some post-secondary education	Kids Assistant in kindergarden	Polish	High School diploma	Driver	Polish	No	Poland	87.5	No					English	"Community, School"		22		Polish	"Home, Community, School"		0		Spanish	School		17	I just had Spanish lessons at school for 10 months 											7	9	7	7	Most	All	All	All	Polish	9	9	9	9	All	All	A little	A little	Spanish	1 (Very low proficiency)	2	2	1 (Very low proficiency)	A little	A little	None	None																			Only the other language(s)	Only the other language(s)	Only the other language(s)	Only the other language(s)	Only the other language(s)	Mostly other language(s)	Only the other language(s)	Mostly other language(s)	All English	All English	All English	All English	Only the other language(s)	Mostly other language(s)	All English	Mostly English	Only the other language(s)	Mostly English	All English	All English	Mostly English	Mostly English	Mostly English	Half English Half other Language	All English	All English	All English	All English	Only the other language(s)	Sometimes	Sometimes	Never
237	43	Male	Right	58	96.67%	40	66.67%	German Tech Support	Yes	2-3	No	No	No	No	No	No		Yes	Stone to my temple when i was 5. I went head first to the floor and the stone stuck in my temple bit did not break bone.	No		No		No		Some post-secondary education	High School diploma	Housewife	"German, English"	No highschool diploma	Retired	"English, German"	No	Germany	74.44078947	Yes	"Moved back and forth between Germany and UK- UK 1979-1989, 2007-2010 "				German	"Home, Community, School"		0	5-14yrs old	English	"Home, Community, School"		5																	8	8	8	8	All	All	All	All	German	8	8	8	8	All	All	All	All																												Only the other language(s)	Only the other language(s)	All English	Mostly English	Half English Half other Language	Half English Half other Language	Half English Half other Language	Half English Half other Language	Mostly other language(s)		All English	Half English Half other Language	Half English Half other Language	Half English Half other Language	Half English Half other Language	All English		Half English Half other Language	All English	All English	Half English Half other Language	Half English Half other Language	Half English Half other Language	Half English Half other Language	All English	Half English Half other Language	Half English Half other Language	Half English Half other Language		Sometimes	Never	Never
238	41	Female	Right	50	83.33%	38	63.33%	Finance Analyst	No		Yes	No	No	No		No		Yes	I broke the base of my skull	No		No		No		Graduate or Professional degree	No highschool diploma	Stayed at home mother	Spanish	Graduate or Professional degree	lawyer	Spanish	No	Spain	52.53289474	Yes	"UK- 2 years, US-6 years  "				Spanish	Home		0		English	"School, Other"	living in English speaking countries	14																	8	8	8	8	Most	Some	Some	Most	Spanish	8	8	8	8	Some	Some	Some	Most																												Only the other language(s)	Only the other language(s)	Only the other language(s)	Half English Half other Language	Only the other language(s)	Only the other language(s)	Only the other language(s)	Only the other language(s)	Half English Half other Language		All English	Mostly English	Mostly other language(s)	Only the other language(s)	Mostly English	Half English Half other Language		Half English Half other Language	Half English Half other Language	Mostly English	Mostly English	Mostly English	Mostly other language(s)	Mostly other language(s)	Half English Half other Language	Mostly English	All English	Half English Half other Language		Sometimes	Frequently	Frequently
239	21	Female	Right	57	95.00%	51	85.00%	Student	No		No	No	Yes	Yes	Yes	No		No		No		No		No		Graduate or Professional degree	Graduate or Professional degree	Teacher 	Portuguese	Graduate or Professional degree	Coroner	Portuguese	No	Portugal	31.80921053	No					English	"Home, School"		5		Portuguese	"Home, Other"	Mother tongue 	0																	10 (Very high proficiency)	10 (Very high proficiency)	10 (Very high proficiency)	10 (Very high proficiency)	All	All	All	All	Portuguese	10 (Very high proficiency)	10 (Very high proficiency)	10 (Very high proficiency)	10 (Very high proficiency)	All	All	All	Most																												Only the other language(s)	Only the other language(s)	Mostly other language(s)	Mostly other language(s)	Only the other language(s)	Half English Half other Language	Only the other language(s)	Only the other language(s)	All English	All English	All English	All English	Only the other language(s)	All English	All English	All English	Only the other language(s)	All English	All English	All English	All English	All English	Half English Half other Language	Half English Half other Language	Half English Half other Language	All English	All English	Mostly English	Only the other language(s)	Always	Always	Always
241	38	Female	Right	59	98.33%	40	66.67%	Univerity lecturer	No		No	No	No	No		No		No		No		No		No		Graduate or Professional degree	Graduate or Professional degree	engineer	Russian	Graduate or Professional degree	engineer	Russian	No	Russia	180.5592105	No		Yes	"Germany, France"	"Germany: 07/1998 - 09/1998, France: 09/2010 - 04/2011"	Russian	Home		0		English	School		11																	7	7	7	7	Most	Most	Most	Most	Russian	7	8	8	8	Some	Some	Some	Some																												Only the other language(s)	Only the other language(s)	Only the other language(s)	Mostly other language(s)	Only the other language(s)	Only the other language(s)	Only the other language(s)	Only the other language(s)	Mostly English		Mostly English	Mostly English	Half English Half other Language	Mostly English	Mostly English	Half English Half other Language	Half English Half other Language	Half English Half other Language	Mostly English	All English	Half English Half other Language	Mostly English	Mostly English	Half English Half other Language	Mostly English	Half English Half other Language	Mostly English	Half English Half other Language		Rarely	Frequently	Sometimes
242	50	Female	Right	48	80.00%	43	71.67%	Lecturer	No		No		Yes	Yes	Yes	No		No		No		No		Yes	< 1	Graduate or Professional degree	High School diploma	housewife	Spanish	Some post-secondary education	Retired	Spanish &  English	No	Venezuela	23.65131579	Yes	UK: 1998-2003 and 2009-2013				Spanish	Home		0		English	School		7	most of my life. I have used English regularly when I lived in UK (1999-2003 ; 2009-2013; 2015- )	French	School		14	Not used regularly since high school											7	8	8	7	Most	Most	All	Most	Spanish	8	8	8	8	Some	Some	Some	Some	French	1 (Very low proficiency)	2	1 (Very low proficiency)	1 (Very low proficiency)	A little	A little	None	None																			Only the other language(s)	Only the other language(s)	Only the other language(s)	Only the other language(s)	Only the other language(s)	Only the other language(s)	Only the other language(s)	Only the other language(s)	Half English Half other Language		All English	All English	Mostly other language(s)		Mostly English	Mostly English		Mostly English	Mostly English	All English	Half English Half other Language	Half English Half other Language	Mostly other language(s)	Mostly other language(s)	Mostly other language(s)	Half English Half other Language	Half English Half other Language	Half English Half other Language		Rarely	Sometimes	Frequently
243	43	Female	Right	56	93.33%	38	63.33%	Digital PM	Yes	0 (not currently)	No	No	Yes	Yes	Yes	No		No		No		No		Yes	3-4	Graduate or Professional degree	Post-secondary degree or diploma	Pensioner	"Three, Finnish, Swedish and English"	Post-secondary degree or diploma	Construction manager	Finnish	No	Finland	289.9013158	No		Yes	Sweden	09/1991-02/1993	English	"School, Other"	"Living in UK, and by having a keen interest in written language."	9		Finnish	Home		0		Swedish	"School, Other"	Living in Sweden	12	"From the age of 20 till the present date, I've used the language very little. "	French	School		14	"From age 21 onward, I've used the language very little. "						10 (Very high proficiency)	10 (Very high proficiency)	10 (Very high proficiency)	10 (Very high proficiency)	Most	Most	Most	Most	Finnish	10 (Very high proficiency)	10 (Very high proficiency)	10 (Very high proficiency)	10 (Very high proficiency)	Some	Some	A little	A little	Swedish	4	6	6	3	None	A little	A little	None	French	2	4	3	1 (Very low proficiency)	None	A little	None	None										Only the other language(s)	Only the other language(s)	Mostly other language(s)	Mostly other language(s)	Only the other language(s)		Only the other language(s)	Only the other language(s)			All English	All English		All English	All English	Mostly English		All English	Mostly English	Mostly English	Mostly English	Mostly English	Mostly English	Mostly English	All English	All English	Mostly English	Mostly English		Sometimes	Rarely	Never
244	25	Male	Right	57	95.00%	47	78.33%	PhD student	Yes	0 (not currently)	No	No	No	No		No		No		No		No		Yes	5	Graduate or Professional degree	Some post-secondary education	Housewife	"Dutch, English"	Post-secondary degree or diploma	Process planner at an industrial company	"Dutch, English, French, German"	No	The Netherlands	11.84210526	No		Yes	Sweden	01/2015 -08/2015	Dutch	Home		0		English	"Home, Other"	Video games	5		Swedish	"Home, Community, Other"	On-the-go in Sweden	16	Less used since August 2015; technically not used that much until circa 2013	French	School		12	Not really anymore since 2010						10 (Very high proficiency)	10 (Very high proficiency)	10 (Very high proficiency)	10 (Very high proficiency)	Most	Most	All	Most	Dutch	10 (Very high proficiency)	10 (Very high proficiency)	10 (Very high proficiency)	10 (Very high proficiency)	Some	Some	Some	Some	Swedish	4	6	7	5	A little	None	None	None	French	4	5	7	5	A little	None	None	None										Only the other language(s)	Mostly other language(s)	Mostly other language(s)	Mostly other language(s)	Only the other language(s)	Only the other language(s)	Only the other language(s)	Only the other language(s)	Mostly English	All English	All English	Mostly English	Mostly English	Mostly other language(s)	Mostly English	Mostly English		Mostly English	Mostly English	Mostly English	Mostly English	Mostly English	Half English Half other Language	Half English Half other Language	Half English Half other Language	Half English Half other Language	Mostly English	Mostly English		Sometimes	Sometimes	Frequently
245	27	Male	Right	50	83.33%	54	90.00%	PhD Student	Yes	<1	No		No	No	No	No		No		No		No		No		Graduate or Professional degree	No highschool diploma	Retaired	Italian	High School diploma	Retaired	Italian	No	Italy	12.53289474	No		Yes	Norway	08/2014 - 12/2014	Italian	"Home, Community, School"		0		English	School		8	Not used on a daily basis until I moved to Norway.																6	7	7	6	Most	Most	Most	Some	Italian	10 (Very high proficiency)	10 (Very high proficiency)	10 (Very high proficiency)	10 (Very high proficiency)	Most	Most	Some	Some																												Only the other language(s)	Only the other language(s)	Mostly other language(s)	Mostly other language(s)	Only the other language(s)	Only the other language(s)	Only the other language(s)	Only the other language(s)		All English	All English	All English	Only the other language(s)	All English	All English	Mostly English	Only the other language(s)	Mostly English	Mostly English	Half English Half other Language	Mostly English	All English	Mostly English	Mostly English	Half English Half other Language	Mostly English	All English	All English	Only the other language(s)	Rarely	Frequently	Frequently
246	27	Female	Right	33	55.00%	38	63.33%	Nursery practitioner	No		No		Yes	Yes	Yes	No		No		No		No		No		Graduate or Professional degree	Graduate or Professional degree	Nurse	Spanish	Graduate or Professional degree	Nurse	Spanish	No	Spain 	12.69736842	No					Spanish	"Home, Community, School"		0		English 	"Home, Community, School"		9	2007-2015																3	5	4	4	A little	Most	Some	Some	Spanish 	10 (Very high proficiency)	10 (Very high proficiency)	10 (Very high proficiency)	10 (Very high proficiency)	Most	Most	Most	Most																												Only the other language(s)	Only the other language(s)	Mostly other language(s)	Mostly other language(s)	Only the other language(s)	Only the other language(s)	Only the other language(s)	Only the other language(s)	Half English Half other Language	All English	All English	All English	All English	Mostly other language(s)	All English	Mostly English		Mostly English	All English	All English	Mostly English	Mostly English	Half English Half other Language	Mostly other language(s)	Half English Half other Language	Half English Half other Language	Mostly English	Mostly other language(s)		Rarely	Rarely	Never
247	38	Female	Right	52	86.67%	36	60.00%	PhD Student	No		No		Yes	Yes	Yes	No		No		No		No		No		Graduate or Professional degree	No highschool diploma	Stay at home mum	Greek (native)	Some post-secondary education	Retired (previously worker at a factory)	Greek (native)	No	Greece	38.42105263	No					Greek	Home		0		English	"School, Other"	Private institution	7	10 years	Spanish	Other	Private institution	25	5 years	Italian	Other	Private Institution	14	15 year	German	Other	Private lessons	30	4 years	5	5	7	6	Some	Some	Most	Most	Greek	10 (Very high proficiency)	10 (Very high proficiency)	10 (Very high proficiency)	10 (Very high proficiency)	Some	Some	Some	Some	German	1 (Very low proficiency)	1 (Very low proficiency)	3	2	None	None	A little	None	Spanish	3	4	5	2	A little	Some	Some	None	Italian	2	3	2	1 (Very low proficiency)	A little	A little	A little	None	Only the other language(s)	Only the other language(s)	Only the other language(s)	Mostly other language(s)	Only the other language(s)	Only the other language(s)	Only the other language(s)	Only the other language(s)	Only the other language(s)		All English	All English	Only the other language(s)	All English	All English	All English	Only the other language(s)	All English		All English	Mostly English	Mostly English	Mostly other language(s)	Mostly English	Mostly other language(s)	Mostly English	Mostly English	Half English Half other Language	Only the other language(s)	Rarely	Frequently	Sometimes
248	29	Female	Right	57	95.00%	52	86.67%	PhD student	No		No	No	No	No	Yes	No		No		No		No		No		Post-secondary degree or diploma	Some post-secondary education	Manager at a charity	German	Some post-secondary education	Night watchman	German	No	Germany	34.27631579	Yes	"New Zealand 11/2007 - 04/2008; UK 03/2013 - 10/2013; New Zealand, 01/2014 - 11/2014"				German	Home		0		English	School		10		Chinese	School		16	Only ever used in in school so I haven't used it for the last 10 years	Latin	School		14	haven't used it for the last 11 years						6	7	7	6	Most	Most	Most	Most	German	7	8	8	7	A little	A little	A little	A little	Chinese	1 (Very low proficiency)	1 (Very low proficiency)	1 (Very low proficiency)	1 (Very low proficiency)	None	None	None	None	Latin	1 (Very low proficiency)	1 (Very low proficiency)	1 (Very low proficiency)	1 (Very low proficiency)	None	None	None	None										Only the other language(s)	Only the other language(s)	Mostly other language(s)	Mostly other language(s)	Only the other language(s)	Only the other language(s)	Only the other language(s)	Only the other language(s)	All English	All English	All English	All English	All English		All English	Mostly English		All English	All English	All English	Mostly English	Mostly English	Mostly English	All English	Mostly English	All English	All English	All English		Rarely	Rarely	Never
249	23	Male	Right	39	65.00%	35	58.33%	Student	No		No	No	No	No	Yes	No		No		No		No		Yes	2	Graduate or Professional degree	Some post-secondary education	Health Care Assistant	Spanish	High School diploma	Run his own business	Spanish	No	Spain	0.690789474	No		Yes	"Germany, Slovakia, Mexico and Rumania"	09.2014-09.2017	Spanish	Home		0	2 years	English	School		7	1 year	German	Other	Work	21	3 months											7	7	6	6	Most	Most	Some	Some	Spanish	10 (Very high proficiency)	10 (Very high proficiency)	10 (Very high proficiency)	10 (Very high proficiency)	All	All	Some	Some	German	2	4	2	1 (Very low proficiency)	A little	Some	A little	None																			Only the other language(s)	Only the other language(s)	Mostly other language(s)	Mostly other language(s)	Only the other language(s)	Only the other language(s)	Only the other language(s)	Only the other language(s)	Mostly other language(s)	Half English Half other Language	Only the other language(s)	Mostly English	Only the other language(s)	Only the other language(s)	Mostly English	Half English Half other Language	Half English Half other Language	Half English Half other Language	Half English Half other Language	Half English Half other Language	Half English Half other Language	Half English Half other Language	Half English Half other Language	Half English Half other Language	Mostly other language(s)	Mostly English	All English	Half English Half other Language	Mostly other language(s)	Rarely	Sometimes	Never
250	39	Male	Right	56	93.33%	39	65.00%	Cabin crew	No		No		No	No		No		No		No		No		No		Graduate or Professional degree	High School diploma	Accountant	"Greek, English"	No highschool diploma	Carpenter	Greek	No	Greece	131.7763158	No		Yes	Portugal	09/1999-01/2000	Greek	Home		0		English	School		6																	7	8	8	7	All	All	All	All	Greek	8	8	8	8	Most	Most	Most	Most																												Only the other language(s)	Mostly other language(s)	Mostly other language(s)	Half English Half other Language	Only the other language(s)	Only the other language(s)	Only the other language(s)	Only the other language(s)	Only the other language(s)	Mostly other language(s)	All English	Mostly English	Only the other language(s)	Half English Half other Language	Mostly English	Half English Half other Language	Half English Half other Language	All English	All English	All English	Mostly English	All English	Half English Half other Language	All English	All English	All English	All English	All English	Mostly other language(s)	Rarely	Frequently	Always
251	29	Female	Right	45	75.00%	47	78.33%	Staff nurse	No		No	No	No	No		No		No		No		No		No		Graduate or Professional degree	No highschool diploma	Shop assistant	Spanish	No highschool diploma	Comercial	Spanish	No	Spain	58.51973684	No					Spanish	Home		0		English	School	Private school	10																	8	8	8	8	All	All	Some	Some	Spanish	10 (Very high proficiency)	10 (Very high proficiency)	10 (Very high proficiency)	10 (Very high proficiency)	All	All	All	All																												Only the other language(s)	Only the other language(s)	Mostly other language(s)	Mostly other language(s)	Only the other language(s)	Only the other language(s)	Only the other language(s)	Only the other language(s)	Half English Half other Language	Only the other language(s)	All English	All English	Only the other language(s)		All English	Mostly English		Mostly other language(s)	Half English Half other Language	All English	Half English Half other Language	Mostly English	Mostly other language(s)	Mostly other language(s)	Mostly other language(s)	Mostly English	Mostly English	Half English Half other Language		Never	Always	Rarely
252	32	Male	Right	54	90.00%	33	55.00%	PhD Student	No		No	No	Yes	Yes	Yes	No		No		No		No		No		Graduate or Professional degree	Graduate or Professional degree	Vodafone customer support	Greek	Post-secondary degree or diploma	Retired police-officer	Greek	No	Greece	61.61184211	No					English	School		8		Greek	"Home, Community, School"		0		French	School		14	rarely used outside the classroom											7	8	8	7	All	All	All	All	Greek	8	8	8	8	Most	Some	Some	A little	French	5	7	6	5	Some	Some	A little	Some																			Only the other language(s)	Half English Half other Language	Half English Half other Language	Mostly English	Only the other language(s)	Only the other language(s)	Only the other language(s)	Only the other language(s)	Only the other language(s)	All English	All English	Half English Half other Language	All English	All English	All English	All English	Half English Half other Language	Half English Half other Language	All English	All English	All English	All English	All English	All English	Half English Half other Language	Mostly English	All English	All English	Only the other language(s)	Sometimes	Frequently	Frequently
253	29	Male	Right	38	63.33%	39	65.00%	Guest service agent	No		Yes	No	No	No	No	No		No		No		No		No		Graduate or Professional degree	Graduate or Professional degree	Social assitant	Spanish	Post-secondary degree or diploma	Office agent	Spanish	No	Spain	24.63815789	No		Yes	Peru	09/2014- 12/2014	Spanish	"Home, Community, School"		0		English	School		10																	6	6	7	6	Some	Most	Most	Some	Spanish	8	8	8	8	All	All	All	All																												Only the other language(s)	Only the other language(s)	Mostly other language(s)	Mostly other language(s)	Only the other language(s)	Only the other language(s)	Only the other language(s)	Only the other language(s)	Only the other language(s)	Mostly other language(s)	All English	All English	Mostly other language(s)	Only the other language(s)	All English	Half English Half other Language	Only the other language(s)	Mostly English	All English	All English	Half English Half other Language	Half English Half other Language	Mostly other language(s)	Half English Half other Language	Half English Half other Language	Mostly other language(s)	Mostly English	Half English Half other Language	Only the other language(s)	Never	Rarely	Rarely
254	31	Female	Right	48	80.00%	44	73.33%	MSc Student	No		No		Yes	Yes	Yes	No		No		No		No		No		Graduate or Professional degree	Post-secondary degree or diploma	Administrative at city council (retired now)	Spanish and a bit of English	Graduate or Professional degree	Engineer at Telefnica (retired now)	Just mother tongue (Spanish)	No	Spain	84.93421053	No					Spanish	"Home, Community, School"		0	"Since I moved to the UK, I have been communicating in Spanish less and less. In the last years just to speak with my family or when I go to Spain on holiday"	English	"School, Other"	Since I moved to the UK (August 2010)	6	Not regularly used until I moved to the UK																8	8	8	8	Most	Most	Most	Most	Spanish	10 (Very high proficiency)	10 (Very high proficiency)	10 (Very high proficiency)	10 (Very high proficiency)	Some	Some	A little	A little																												Only the other language(s)	Only the other language(s)	Mostly other language(s)	Mostly other language(s)	Only the other language(s)	Only the other language(s)	Only the other language(s)	Only the other language(s)	All English	Half English Half other Language	All English	All English	Mostly English	All English	All English	Mostly English	Only the other language(s)	All English	All English	All English	Mostly English	Mostly English	All English	Mostly English	Mostly English	Half English Half other Language	Half English Half other Language	All English	Only the other language(s)	Never	Sometimes	Sometimes
255	24	Female	Right	52	86.67%	44	73.33%	Research Assistant	No		No	No	Yes	Yes	Yes	No		No		No		No		No		Graduate or Professional degree	Post-secondary degree or diploma	Team Leader in Fashion Retail	German	Post-secondary degree or diploma	Mechanics	German	No	Germany	9.506578947	No					German	Home	Mothertounge	0		English	School		8		French	School		12	barely use it after finishing school											7	9	9	8	Most	Most	Most	Some	German	10 (Very high proficiency)	10 (very high proficiency)	10 (very high proficiency)	10 (very high proficiency)	Some	Some	Some	Some	French	2	4	4	2	None	None	None	None																			Only the other language(s)	Only the other language(s)	Only the other language(s)	Mostly other language(s)	Only the other language(s)	Only the other language(s)	Only the other language(s)	Only the other language(s)	Only the other language(s)	All English	All English	Mostly English	Mostly English	Mostly English	Mostly English	Half English Half other Language	Half English Half other Language	Mostly English	Mostly English	All English	Half English Half other Language	Half English Half other Language	Half English Half other Language	Half English Half other Language	Mostly English	All English	All English	Mostly English		Sometimes	Frequently	Never
256	22	Female	Right	49	81.67%	41	68.33%	Postgraduate student	No		No	No	No	No	No	No		No		No		No		No		Post-secondary degree or diploma	High School diploma	Retired-Housewife	Greek	Some post-secondary education	Bus driver	Greek	No	Greece	2.269736842	No		Yes	Sweden	01/2015-06/2015	Greek	"Home, Community, School"		0		English	"School, Other"	private lessons	7		German	"School, Other"	private lessons	13	2 years	Spanish	School		21							8	8	9	8	Most	Most	Most	Most	Greek	10 (Very high proficiency)	10 (Very high proficiency)	10 (Very high proficiency)	10 (Very high proficiency)	Most	Most	Most	Most	German	7	7	8	8	Most	Most	Most	Most	Spanish	5	6	5	5	Most	Most	Most	Most										Only the other language(s)	Only the other language(s)	Mostly other language(s)	Half English Half other Language	Only the other language(s)	Only the other language(s)	Only the other language(s)	Only the other language(s)	Only the other language(s)	All English	All English	Mostly English	Only the other language(s)	Only the other language(s)	Only the other language(s)	Half English Half other Language	Only the other language(s)	Mostly other language(s)	Half English Half other Language	Half English Half other Language	Half English Half other Language	Mostly English	Half English Half other Language	Half English Half other Language	Half English Half other Language	Mostly English	Mostly English	Half English Half other Language	Only the other language(s)	Rarely	Always	Always
257	38	Female	Right	56	93.33%	49	81.67%	Postdoctoral researcher	No		No	No	Yes	Yes	Yes	No		No		No		No		Yes	0 (not regularly)	Graduate or Professional degree	High School diploma	Accountant	German Croatian Russian English	Graduate or Professional degree	Lawyer	German English Latin Spanish	No	Germany	146.3157895	No					German	Home		0		English	School		12		French	School		14		Spanish	Other	evening classes	22		Hungarian	Other	University	20		8	9	9	8	Most	Most	Most	Most	German	10 (Very high proficiency)	10 (Very high proficiency)	10 (Very high proficiency)	10 (Very high proficiency)	Some	Some	Some	Some	French	6	7	7	7	A little	A little	A little	A little	Spanish	3	5	6	3	A little	A little	A little	None	Hungarian	2	2	2	2	None	None	None	None	Only the other language(s)	Only the other language(s)	Only the other language(s)	Mostly other language(s)	Only the other language(s)		Only the other language(s)	Half English Half other Language	All English	Mostly English	All English	Mostly English	Mostly English	Mostly other language(s)	Mostly English	Half English Half other Language	Only the other language(s)	Mostly English	Mostly English	Mostly English	Half English Half other Language	Half English Half other Language	Half English Half other Language	Half English Half other Language	Half English Half other Language	Mostly English	Mostly English	Half English Half other Language	Only the other language(s)	Rarely	Frequently	Frequently
259	35	Female	Right	53	88.33%	51	85.00%	Lecturer	No		No	No	No	Yes	Yes	No	 	No		No		No		No		Graduate or Professional degree	High School diploma	Politician 	"German (native), English (conversational), Farsi?Persian (conversational)"	Some post-secondary education	Businessman 	"Farsi/Persian (native), German, English (conversational)"	No	Germany	125.4276316	Yes	Uk- 6 months during 2004				German	"Home, School"		0		English	School		11	Did not use it on a daily basis until I was 25	French	School		12	"Not used outside classroom, aside from 2 week exchange in france, not used since school"											8	9	9	8	Most	Most	Most	Most	German 	10 (Very high proficiency)	10 (Very high proficiency)	10 (Very high proficiency)	10 (Very high proficiency)	Some	Some	Some	Some	French	2	2	2	2	None	None	None	None																			Only the other language(s)	Only the other language(s)	Only the other language(s)	Only the other language(s)	Only the other language(s)	Mostly other language(s)	Only the other language(s)	Mostly other language(s)	All English			All English	Half English Half other Language		All English	Half English Half other Language			Mostly English	Mostly English	Mostly English	Mostly English	Half English Half other Language	Mostly English	Half English Half other Language	Mostly English	Mostly English	Mostly English		Sometimes	Rarely	Never
260	30	Female	Right	50	83.33%	47	78.33%	PhD student	No		Yes	No	Yes	Yes	Yes	No		Yes	Concussions	No		No		Yes	7	Graduate or Professional degree	High School diploma	Health care assistant	Norwegian	High School diploma	Plimber	Norwegian	No	Norway	1.907894737	No					Norwegian	"Home, Community, School, Other"		0		English	"School, Other"	University	7	19-22	German	School		14	19-29											7	7	8	5	Most	Most	Most	Most	Norwegian	10 (Very high proficiency)	10 (Very high proficiency)	10 (Very high proficiency)	3	A little	A little	A little	A little	German	2	6	4	3	None	A little	None	None																			Only the other language(s)	Only the other language(s)	Mostly other language(s)	Mostly other language(s)	Only the other language(s)	Only the other language(s)	Only the other language(s)	Only the other language(s)	Only the other language(s)	All English	All English	Mostly English	All English	All English	All English	All English	Mostly English	Mostly English	Mostly English	Only the other language(s)	Mostly English	Half English Half other Language	Half English Half other Language	Mostly other language(s)	Mostly other language(s)	Half English Half other Language	Mostly English	Mostly English		Rarely	Sometimes	Sometimes
261	29	Male	Right	53	88.33%	49	81.67%	Student	No		No	No	Yes	Yes	Yes	Yes	Deuteranomaly	No		No		No		No		Graduate or Professional degree	Graduate or Professional degree	Doctor	Mandarin Chinese	Graduate or Professional degree	Journalist	Mandarin Chinese	No	China	38.15789474	Yes	"UK, 09/2011 - 09/2012"				Mandarin Chinese	Home		0		English	School		11	Only exposed to English in classrooms between the age of 11 and 23																7	8	9	9	Some	Most	Most	Most	Mandarin Chinese	10 (Very high proficiency)	10 (Very high proficiency)	10 (Very high proficiency)	10 (Very high proficiency)	Most	Most	Most	Some																												Only the other language(s)	Only the other language(s)	Only the other language(s)	Mostly other language(s)	Only the other language(s)	Only the other language(s)	Only the other language(s)	Only the other language(s)	Mostly other language(s)	All English	All English	All English	Mostly other language(s)	Mostly English	All English	Mostly English	Mostly other language(s)	Mostly English	Mostly English	Mostly English	Half English Half other Language	Mostly English	Half English Half other Language	Mostly other language(s)	Mostly English	Mostly other language(s)	Half English Half other Language	Half English Half other Language	Only the other language(s)	Sometimes	Rarely	Rarely
263	28	Female	Right	47	78.33%	37	61.67%	PhD Student	No		No	No	No	No		No		No		No		No		No		Graduate or Professional degree	Some post-secondary education	Housewife	Turkish	Post-secondary degree or diploma	Primary School Teacher	Turkish	No	Turkey	26.74342105	No					Turkish	Home		0		English	School		9																	6	7	7	6	Some	Some	Most	All	Turkish	8	8	8	7	Some	Some	A little	None																												Only the other language(s)	Only the other language(s)	Mostly other language(s)	Mostly other language(s)	Only the other language(s)	Only the other language(s)	Only the other language(s)	Only the other language(s)	Only the other language(s)	Only the other language(s)		All English	Only the other language(s)	All English		Mostly English	Only the other language(s)	Mostly English	All English	All English	Mostly English	Mostly English	Half English Half other Language	Mostly English	Half English Half other Language	Mostly English	Mostly English	Mostly English	Only the other language(s)	Rarely	Frequently	Frequently
265	40	Female	Right	57	95.00%	45	75.00%	Business Development Manager	No		No		No	No		No		No		No		No		No		Graduate or Professional degree	Some post-secondary education	Housewife	German	Graduate or Professional degree	Retired Engineer	German	No	Germany	98.98026316	Yes	USA: 08/2002-12/2003; Canada: 03/2007-07/2009				German	Home		0		English	School		11	0	Spanish	"Community, School"		24	Not used in the past 8 years	Italian	School		16	not used in the past 20 years						10 (Very high proficiency)	10 (Very high proficiency)	10 (Very high proficiency)	10 (Very high proficiency)	Most	Most	Most	Most	German	10 (Very high proficiency)	10 (Very high proficiency)	10 (Very high proficiency)	10 (Very high proficiency)	Some	Some	A little	A little	Spanish	1 (Very low proficiency)	1 (Very low proficiency)	1 (Very low proficiency)	1 (Very low proficiency)	A little	A little	A little	A little	Italian	1 (Very low proficiency)	1 (Very low proficiency)	1 (Very low proficiency)	1 (Very low proficiency)	None	None	None	None										Only the other language(s)	Only the other language(s)	Only the other language(s)	Mostly other language(s)	Only the other language(s)		Only the other language(s)	Only the other language(s)	All English		All English	Mostly English	Half English Half other Language		Mostly English	Mostly English		All English	All English	All English	Mostly English	Mostly English	Mostly English	Mostly English	Mostly English	Mostly English	Mostly English	Half English Half other Language		Sometimes	Sometimes	Rarely
266	39	Female	Right	55	91.67%	40	66.67%	"Proposal Associate II, Business Development"	No		No	No	Yes	Yes	Yes	No		No		No		No		No		Graduate or Professional degree	Post-secondary degree or diploma	Technician  building industry	Polish	Graduate or Professional degree	Opera singer	"Polish, bit of English and German"	No	Poland	162.8289474	Yes	US - 05/2003-10/2003				English	"School, Other"	living in the UK	15	I have only started using on regular basis from May 2004	Polish	"Home, Community, School"		0																	8	8	8	8	Most	Most	Most	Most	Polish	8	8	8	8	Most	Most	Most	Some																												Only the other language(s)	Only the other language(s)	Mostly other language(s)	Mostly other language(s)	Only the other language(s)	Only the other language(s)	Only the other language(s)	Only the other language(s)	All English	All English	Mostly English	Mostly English	Mostly other language(s)	All English	Mostly English	Half English Half other Language	Mostly English	Mostly English	Mostly English	All English	Half English Half other Language	Half English Half other Language	Half English Half other Language	Mostly English	Half English Half other Language	Mostly English	Mostly English	Mostly English	Only the other language(s)	Sometimes	Frequently	Rarely
267	25	Female	Right	n/a	n/a	35	58.33%	Supervisor	No		No	No	No	No		No		No		No		No		No		Post-secondary degree or diploma	Post-secondary degree or diploma	Receptionist	Spanish	Some post-secondary education	None	Spanish	No	Colombia	32.23684211	Yes	Malta- 6months	Yes	Spain	14years	Spanish	"Home, School"		0		English	Other	Work	20	2years																7	9	9	8	Most	Most	Most	Most	Spanish	10 (Very high proficiency)	10 (Very high proficiency)	10 (Very high proficiency)	10 (Very high proficiency)	Most	Most	A little	A little																												Only the other language(s)	Only the other language(s)	Only the other language(s)	Only the other language(s)	Only the other language(s)	Only the other language(s)	Only the other language(s)	Only the other language(s)	All English	All English	All English	All English	All English		All English	All English	Mostly other language(s)	Mostly other language(s)	All English	All English	All English	All English	All English	Mostly other language(s)	Mostly English	Mostly English	Mostly English	Mostly English	Only the other language(s)	Sometimes	Frequently	Always
268	46	Female	Right	60	100.00%	46	76.67%	Scientist	No		No		Yes	Yes	Yes	No		No		No		No		Yes	Not regularly	Graduate or Professional degree	Post-secondary degree or diploma	Seamstress/house wife	German	Post-secondary degree or diploma	Electrical engineer (radio communications)	German	No	Germany	154.9342105	Yes	UK- 09/2000-09/2001; Australia 01/2002-12/2004				German	Home		0		English	"School, Other"	Visiting friends	12		French	School		14	Not used regularly since 1995											10 (Very high proficiency)	10 (Very high proficiency)	10 (Very high proficiency)	10 (Very high proficiency)	All	All	All	All	German	10 (Very high proficiency)	10 (Very high proficiency)	10 (Very high proficiency)	10 (Very high proficiency)	Some	Some	Some	Some	French	3	4	4	3	A little	A little	None	None																			Only the other language(s)	Only the other language(s)	Only the other language(s)	Mostly other language(s)	Only the other language(s)	Only the other language(s)	Only the other language(s)	Only the other language(s)	All English		All English	Half English Half other Language	Half English Half other Language	All English	Half English Half other Language	All English		All English	All English	All English	Half English Half other Language	Mostly English	Mostly English	Mostly English	Mostly English	All English	All English	Mostly English		Sometimes	Sometimes	Rarely
269	26	Female	Right	31	51.67%	39	65.00%	Health care assistant	No		No		Yes	Yes		No		No		No		No		No		Some post-secondary education	Some post-secondary education	Retired	Spanish	Graduate or Professional degree	Retired	Spanish and English	No	Spain	39.50657895	No		Yes	The Netherlands	12/2013-06/2014	Spanish	"Home, School"		0		English	"Community, School"		16	1991-2012																7	8	8	8	Most	Most	Most	Most	Spanish	10 (Very high proficiency)	10 (Very high proficiency)	10 (Very high proficiency)	10 (Very high proficiency)	All	All	All	All																												Only the other language(s)	Only the other language(s)	Only the other language(s)	Mostly other language(s)	Only the other language(s)	Only the other language(s)	Only the other language(s)	Only the other language(s)	All English	Only the other language(s)	All English	All English	Mostly other language(s)	Only the other language(s)	All English	Half English Half other Language	Only the other language(s)	Half English Half other Language	All English	All English	Half English Half other Language	Half English Half other Language	Half English Half other Language	Half English Half other Language	Half English Half other Language	Half English Half other Language	Half English Half other Language	Half English Half other Language	Only the other language(s)	Rarely	Sometimes	Sometimes
270	29	Male	Right	53	88.33%	41	68.33%	Systems Engineer	No		No	No	No	No		No		No		No		No		No		Graduate or Professional degree	High School diploma	homemaker	romanian	Graduate or Professional degree	front desk officer/IT Specialist	romanian	No	Romania	75.46052632	No					Romanian	"Home, Community, School"		0		English	School		11																	9	9	9	9	Most	Most	Most	Most	Romanian	10 (Very high proficiency)	10 (Very high proficiency)	10 (Very high proficiency)	10 (Very high proficiency)	Some	Some	A little	A little																												Only the other language(s)	Only the other language(s)	Only the other language(s)	Mostly other language(s)	Only the other language(s)		Only the other language(s)	Only the other language(s)	Only the other language(s)		All English	All English	Mostly other language(s)		All English	Mostly English		Mostly English	Mostly English	All English	Mostly English	Mostly English	Mostly English	Half English Half other Language	Mostly English	Mostly English	All English	Mostly English		Sometimes	Sometimes	Sometimes
